[
  {
    "name": "bootstrap",
    "version": "4.2.1",
    "author": "The Bootstrap Authors (https://github.com/twbs/bootstrap/graphs/contributors)",
    "repository": "git+https://github.com/twbs/bootstrap.git",
    "source": "https://registry.npmjs.org/bootstrap/-/bootstrap-4.2.1.tgz",
    "license": "MIT",
    "licenseText": "The MIT License (MIT)\n\nCopyright (c) 2011-2018 Twitter, Inc.\nCopyright (c) 2011-2018 The Bootstrap Authors\n\nPermission is hereby granted, free of charge, to any person obtaining a copy\nof this software and associated documentation files (the \"Software\"), to deal\nin the Software without restriction, including without limitation the rights\nto use, copy, modify, merge, publish, distribute, sublicense, and/or sell\ncopies of the Software, and to permit persons to whom the Software is\nfurnished to do so, subject to the following conditions:\n\nThe above copyright notice and this permission notice shall be included in\nall copies or substantial portions of the Software.\n\nTHE SOFTWARE IS PROVIDED \"AS IS\", WITHOUT WARRANTY OF ANY KIND, EXPRESS OR\nIMPLIED, INCLUDING BUT NOT LIMITED TO THE WARRANTIES OF MERCHANTABILITY,\nFITNESS FOR A PARTICULAR PURPOSE AND NONINFRINGEMENT. IN NO EVENT SHALL THE\nAUTHORS OR COPYRIGHT HOLDERS BE LIABLE FOR ANY CLAIM, DAMAGES OR OTHER\nLIABILITY, WHETHER IN AN ACTION OF CONTRACT, TORT OR OTHERWISE, ARISING FROM,\nOUT OF OR IN CONNECTION WITH THE SOFTWARE OR THE USE OR OTHER DEALINGS IN\nTHE SOFTWARE.\n"
  },
  {
    "name": "bootstrap-touchspin",
    "version": "3.1.1",
    "author": "István Ujj-Mészáros (https://github.com/istvan-ujjmeszaros)",
    "repository": "http://github.com/istvan-ujjmeszaros/bootstrap-touchspin.git",
    "source": "https://registry.npmjs.org/bootstrap-touchspin/-/bootstrap-touchspin-3.1.1.tgz",
    "license": "Apache-2.0",
    "licenseText": "Bootstrap TouchSpin\nv3.1.1\n\nA mobile and touch friendly input spinner component for Bootstrap 3.\n\n    https://github.com/istvan-meszaros/bootstrap-touchspin\n    http://www.virtuosoft.eu/code/bootstrap-touchspin/\n\nCopyright 2013-2015 István Ujj-Mészáros\n\nLicensed under the Apache License, Version 2.0 (the \"License\");\nyou may not use this file except in compliance with the License.\nYou may obtain a copy of the License at\n\n    http://www.apache.org/licenses/LICENSE-2.0\n\nUnless required by applicable law or agreed to in writing, software\ndistributed under the License is distributed on an \"AS IS\" BASIS,\nWITHOUT WARRANTIES OR CONDITIONS OF ANY KIND, either express or implied.\nSee the License for the specific language governing permissions and\nlimitations under the License.\n"
  },
  {
    "name": "css-loader",
    "version": "6.7.3",
    "author": "Tobias Koppers @sokra",
    "repository": "webpack-contrib/css-loader",
    "source": "https://registry.npmjs.org/css-loader/-/css-loader-6.7.3.tgz",
    "license": "MIT",
    "licenseText": "Copyright JS Foundation and other contributors\n\nPermission is hereby granted, free of charge, to any person obtaining\na copy of this software and associated documentation files (the\n'Software'), to deal in the Software without restriction, including\nwithout limitation the rights to use, copy, modify, merge, publish,\ndistribute, sublicense, and/or sell copies of the Software, and to\npermit persons to whom the Software is furnished to do so, subject to\nthe following conditions:\n\nThe above copyright notice and this permission notice shall be\nincluded in all copies or substantial portions of the Software.\n\nTHE SOFTWARE IS PROVIDED 'AS IS', WITHOUT WARRANTY OF ANY KIND,\nEXPRESS OR IMPLIED, INCLUDING BUT NOT LIMITED TO THE WARRANTIES OF\nMERCHANTABILITY, FITNESS FOR A PARTICULAR PURPOSE AND NONINFRINGEMENT.\nIN NO EVENT SHALL THE AUTHORS OR COPYRIGHT HOLDERS BE LIABLE FOR ANY\nCLAIM, DAMAGES OR OTHER LIABILITY, WHETHER IN AN ACTION OF CONTRACT,\nTORT OR OTHERWISE, ARISING FROM, OUT OF OR IN CONNECTION WITH THE\nSOFTWARE OR THE USE OR OTHER DEALINGS IN THE SOFTWARE.\n"
  },
  {
    "name": "easyzoom",
    "version": "2.6.0",
    "author": "Matt Hinchliffe",
    "repository": "git@github.com:i-like-robots/EasyZoom.git",
    "source": "https://registry.npmjs.org/easyzoom/-/easyzoom-2.6.0.tgz",
    "license": "MIT",
    "licenseText": "Copyright 2013 Matt Hinchliffe\n\nPermission is hereby granted, free of charge, to any person obtaining\na copy of this software and associated documentation files (the\n\"Software\"), to deal in the Software without restriction, including\nwithout limitation the rights to use, copy, modify, merge, publish,\ndistribute, sublicense, and/or sell copies of the Software, and to\npermit persons to whom the Software is furnished to do so, subject to\nthe following conditions:\n\nThe above copyright notice and this permission notice shall be\nincluded in all copies or substantial portions of the Software.\n\nTHE SOFTWARE IS PROVIDED \"AS IS\", WITHOUT WARRANTY OF ANY KIND,\nEXPRESS OR IMPLIED, INCLUDING BUT NOT LIMITED TO THE WARRANTIES OF\nMERCHANTABILITY, FITNESS FOR A PARTICULAR PURPOSE AND\nNONINFRINGEMENT. IN NO EVENT SHALL THE AUTHORS OR COPYRIGHT HOLDERS BE\nLIABLE FOR ANY CLAIM, DAMAGES OR OTHER LIABILITY, WHETHER IN AN ACTION\nOF CONTRACT, TORT OR OTHERWISE, ARISING FROM, OUT OF OR IN CONNECTION\nWITH THE SOFTWARE OR THE USE OR OTHER DEALINGS IN THE SOFTWARE.\n"
  },
  {
    "name": "events",
    "version": "3.3.0",
    "author": "Irakli Gozalishvili <rfobic@gmail.com> (http://jeditoolkit.com)",
    "repository": "git://github.com/Gozala/events.git",
    "source": "https://registry.npmjs.org/events/-/events-3.3.0.tgz",
    "license": "MIT",
    "licenseText": "MIT\n\nCopyright Joyent, Inc. and other Node contributors.\n\nPermission is hereby granted, free of charge, to any person obtaining a\ncopy of this software and associated documentation files (the\n\"Software\"), to deal in the Software without restriction, including\nwithout limitation the rights to use, copy, modify, merge, publish,\ndistribute, sublicense, and/or sell copies of the Software, and to permit\npersons to whom the Software is furnished to do so, subject to the\nfollowing conditions:\n\nThe above copyright notice and this permission notice shall be included\nin all copies or substantial portions of the Software.\n\nTHE SOFTWARE IS PROVIDED \"AS IS\", WITHOUT WARRANTY OF ANY KIND, EXPRESS\nOR IMPLIED, INCLUDING BUT NOT LIMITED TO THE WARRANTIES OF\nMERCHANTABILITY, FITNESS FOR A PARTICULAR PURPOSE AND NONINFRINGEMENT. IN\nNO EVENT SHALL THE AUTHORS OR COPYRIGHT HOLDERS BE LIABLE FOR ANY CLAIM,\nDAMAGES OR OTHER LIABILITY, WHETHER IN AN ACTION OF CONTRACT, TORT OR\nOTHERWISE, ARISING FROM, OUT OF OR IN CONNECTION WITH THE SOFTWARE OR THE\nUSE OR OTHER DEALINGS IN THE SOFTWARE.\n"
  },
  {
    "name": "flexibility",
    "version": "1.0.6",
    "author": "Jonathan Neal <jonathantneal@hotmail.com> (http://jonathantneal.com)",
    "repository": "jonathantneal/flexibility",
    "source": "https://registry.npmjs.org/flexibility/-/flexibility-1.0.6.tgz",
    "license": "MIT",
    "licenseText": "# The MIT License (MIT)\n\nCopyright © 2015 Jonathan Neal, 10up\n\nPermission is hereby granted, free of charge, to any person obtaining a copy of this software and associated documentation files (the “Software”), to deal in the Software without restriction, including without limitation the rights to use, copy, modify, merge, publish, distribute, sublicense, and/or sell copies of the Software, and to permit persons to whom the Software is furnished to do so, subject to the following conditions:\n\nThe above copyright notice and this permission notice shall be included in all copies or substantial portions of the Software.\n\nTHE SOFTWARE IS PROVIDED “AS IS”, WITHOUT WARRANTY OF ANY KIND, EXPRESS OR IMPLIED, INCLUDING BUT NOT LIMITED TO THE WARRANTIES OF MERCHANTABILITY, FITNESS FOR A PARTICULAR PURPOSE AND NONINFRINGEMENT. IN NO EVENT SHALL THE AUTHORS OR COPYRIGHT HOLDERS BE LIABLE FOR ANY CLAIM, DAMAGES OR OTHER LIABILITY, WHETHER IN AN ACTION OF CONTRACT, TORT OR OTHERWISE, ARISING FROM, OUT OF OR IN CONNECTION WITH THE SOFTWARE OR THE USE OR OTHER DEALINGS IN THE SOFTWARE.\n"
  },
  {
    "name": "popper.js",
    "version": "1.16.1",
    "author": "Federico Zivolo <federico.zivolo@gmail.com>",
    "repository": "git+https://github.com/FezVrasta/popper.js.git",
    "source": "https://registry.npmjs.org/popper.js/-/popper.js-1.16.1.tgz",
    "license": "MIT",
    "licenseText": "MIT License\n\nCopyright (c) <year> <copyright holders>\n\nPermission is hereby granted, free of charge, to any person obtaining a copy of this software and associated documentation files (the \"Software\"), to deal in the Software without restriction, including without limitation the rights to use, copy, modify, merge, publish, distribute, sublicense, and/or sell copies of the Software, and to permit persons to whom the Software is furnished to do so, subject to the following conditions:\n\nThe above copyright notice and this permission notice shall be included in all copies or substantial portions of the Software.\n\nTHE SOFTWARE IS PROVIDED \"AS IS\", WITHOUT WARRANTY OF ANY KIND, EXPRESS OR IMPLIED, INCLUDING BUT NOT LIMITED TO THE WARRANTIES OF MERCHANTABILITY, FITNESS FOR A PARTICULAR PURPOSE AND NONINFRINGEMENT. IN NO EVENT SHALL THE AUTHORS OR COPYRIGHT HOLDERS BE LIABLE FOR ANY CLAIM, DAMAGES OR OTHER LIABILITY, WHETHER IN AN ACTION OF CONTRACT, TORT OR OTHERWISE, ARISING FROM, OUT OF OR IN CONNECTION WITH THE SOFTWARE OR THE USE OR OTHER DEALINGS IN THE SOFTWARE.\n"
  },
  {
    "name": "sprintf-js",
    "version": "1.1.2",
    "author": "Alexandru Mărășteanu <hello@alexei.ro>",
    "repository": "https://github.com/alexei/sprintf.js.git",
    "source": "https://registry.npmjs.org/sprintf-js/-/sprintf-js-1.1.2.tgz",
    "license": "BSD-3-Clause",
    "licenseText": "Copyright (c) 2007-present, Alexandru Mărășteanu <hello@alexei.ro>\nAll rights reserved.\n\nRedistribution and use in source and binary forms, with or without\nmodification, are permitted provided that the following conditions are met:\n* Redistributions of source code must retain the above copyright\n  notice, this list of conditions and the following disclaimer.\n* Redistributions in binary form must reproduce the above copyright\n  notice, this list of conditions and the following disclaimer in the\n  documentation and/or other materials provided with the distribution.\n* Neither the name of this software nor the names of its contributors may be\n  used to endorse or promote products derived from this software without\n  specific prior written permission.\n\nTHIS SOFTWARE IS PROVIDED BY THE COPYRIGHT HOLDERS AND CONTRIBUTORS \"AS IS\" AND\nANY EXPRESS OR IMPLIED WARRANTIES, INCLUDING, BUT NOT LIMITED TO, THE IMPLIED\nWARRANTIES OF MERCHANTABILITY AND FITNESS FOR A PARTICULAR PURPOSE ARE\nDISCLAIMED. IN NO EVENT SHALL THE AUTHORS OR COPYRIGHT HOLDERS BE LIABLE FOR\nANY DIRECT, INDIRECT, INCIDENTAL, SPECIAL, EXEMPLARY, OR CONSEQUENTIAL DAMAGES\n(INCLUDING, BUT NOT LIMITED TO, PROCUREMENT OF SUBSTITUTE GOODS OR SERVICES;\nLOSS OF USE, DATA, OR PROFITS; OR BUSINESS INTERRUPTION) HOWEVER CAUSED AND\nON ANY THEORY OF LIABILITY, WHETHER IN CONTRACT, STRICT LIABILITY, OR TORT\n(INCLUDING NEGLIGENCE OR OTHERWISE) ARISING IN ANY WAY OUT OF THE USE OF THIS\nSOFTWARE, EVEN IF ADVISED OF THE POSSIBILITY OF SUCH DAMAGE.\n"
  },
  {
    "name": "throttle-debounce",
    "version": "1.1.0",
    "author": "Ivan Nikolić <niksy5@gmail.com> (http://ivannikolic.com/)",
    "repository": "git+https://github.com/niksy/throttle-debounce.git",
    "source": "https://registry.npmjs.org/throttle-debounce/-/throttle-debounce-1.1.0.tgz",
    "license": "MIT",
    "licenseText": "Copyright (c) Ivan Nikolić <http://ivannikolic.com>\n\nPermission is hereby granted, free of charge, to any person obtaining a copy\nof this software and associated documentation files (the \"Software\"), to deal\nin the Software without restriction, including without limitation the rights\nto use, copy, modify, merge, publish, distribute, sublicense, and/or sell\ncopies of the Software, and to permit persons to whom the Software is\nfurnished to do so, subject to the following conditions:\n\nThe above copyright notice and this permission notice shall be included in\nall copies or substantial portions of the Software.\n\nTHE SOFTWARE IS PROVIDED \"AS IS\", WITHOUT WARRANTY OF ANY KIND, EXPRESS OR\nIMPLIED, INCLUDING BUT NOT LIMITED TO THE WARRANTIES OF MERCHANTABILITY,\nFITNESS FOR A PARTICULAR PURPOSE AND NONINFRINGEMENT. IN NO EVENT SHALL THE\nAUTHORS OR COPYRIGHT HOLDERS BE LIABLE FOR ANY CLAIM, DAMAGES OR OTHER\nLIABILITY, WHETHER IN AN ACTION OF CONTRACT, TORT OR OTHERWISE, ARISING FROM,\nOUT OF OR IN CONNECTION WITH THE SOFTWARE OR THE USE OR OTHER DEALINGS IN\nTHE SOFTWARE.\n\n---\n\nCopyright (c) 2010 \"Cowboy\" Ben Alman\n\nPermission is hereby granted, free of charge, to any person\nobtaining a copy of this software and associated documentation\nfiles (the \"Software\"), to deal in the Software without\nrestriction, including without limitation the rights to use,\ncopy, modify, merge, publish, distribute, sublicense, and/or sell\ncopies of the Software, and to permit persons to whom the\nSoftware is furnished to do so, subject to the following\nconditions:\n\nThe above copyright notice and this permission notice shall be\nincluded in all copies or substantial portions of the Software.\n\nTHE SOFTWARE IS PROVIDED \"AS IS\", WITHOUT WARRANTY OF ANY KIND,\nEXPRESS OR IMPLIED, INCLUDING BUT NOT LIMITED TO THE WARRANTIES\nOF MERCHANTABILITY, FITNESS FOR A PARTICULAR PURPOSE AND\nNONINFRINGEMENT. IN NO EVENT SHALL THE AUTHORS OR COPYRIGHT\nHOLDERS BE LIABLE FOR ANY CLAIM, DAMAGES OR OTHER LIABILITY,\nWHETHER IN AN ACTION OF CONTRACT, TORT OR OTHERWISE, ARISING\nFROM, OUT OF OR IN CONNECTION WITH THE SOFTWARE OR THE USE OR\nOTHER DEALINGS IN THE SOFTWARE.\n\n---\n\n        GNU GENERAL PUBLIC LICENSE\n           Version 2, June 1991\n\n Copyright (C) 1989, 1991 Free Software Foundation, Inc.\n 51 Franklin Street, Fifth Floor, Boston, MA  02110-1301  USA\n Everyone is permitted to copy and distribute verbatim copies\n of this license document, but changing it is not allowed.\n\n          Preamble\n\n  The licenses for most software are designed to take away your\nfreedom to share and change it.  By contrast, the GNU General Public\nLicense is intended to guarantee your freedom to share and change free\nsoftware--to make sure the software is free for all its users.  This\nGeneral Public License applies to most of the Free Software\nFoundation's software and to any other program whose authors commit to\nusing it.  (Some other Free Software Foundation software is covered by\nthe GNU Lesser General Public License instead.)  You can apply it to\nyour programs, too.\n\n  When we speak of free software, we are referring to freedom, not\nprice.  Our General Public Licenses are designed to make sure that you\nhave the freedom to distribute copies of free software (and charge for\nthis service if you wish), that you receive source code or can get it\nif you want it, that you can change the software or use pieces of it\nin new free programs; and that you know you can do these things.\n\n  To protect your rights, we need to make restrictions that forbid\nanyone to deny you these rights or to ask you to surrender the rights.\nThese restrictions translate to certain responsibilities for you if you\ndistribute copies of the software, or if you modify it.\n\n  For example, if you distribute copies of such a program, whether\ngratis or for a fee, you must give the recipients all the rights that\nyou have.  You must make sure that they, too, receive or can get the\nsource code.  And you must show them these terms so they know their\nrights.\n\n  We protect your rights with two steps: (1) copyright the software, and\n(2) offer you this license which gives you legal permission to copy,\ndistribute and/or modify the software.\n\n  Also, for each author's protection and ours, we want to make certain\nthat everyone understands that there is no warranty for this free\nsoftware.  If the software is modified by someone else and passed on, we\nwant its recipients to know that what they have is not the original, so\nthat any problems introduced by others will not reflect on the original\nauthors' reputations.\n\n  Finally, any free program is threatened constantly by software\npatents.  We wish to avoid the danger that redistributors of a free\nprogram will individually obtain patent licenses, in effect making the\nprogram proprietary.  To prevent this, we have made it clear that any\npatent must be licensed for everyone's free use or not licensed at all.\n\n  The precise terms and conditions for copying, distribution and\nmodification follow.\n\n        GNU GENERAL PUBLIC LICENSE\n   TERMS AND CONDITIONS FOR COPYING, DISTRIBUTION AND MODIFICATION\n\n  0. This License applies to any program or other work which contains\na notice placed by the copyright holder saying it may be distributed\nunder the terms of this General Public License.  The \"Program\", below,\nrefers to any such program or work, and a \"work based on the Program\"\nmeans either the Program or any derivative work under copyright law:\nthat is to say, a work containing the Program or a portion of it,\neither verbatim or with modifications and/or translated into another\nlanguage.  (Hereinafter, translation is included without limitation in\nthe term \"modification\".)  Each licensee is addressed as \"you\".\n\nActivities other than copying, distribution and modification are not\ncovered by this License; they are outside its scope.  The act of\nrunning the Program is not restricted, and the output from the Program\nis covered only if its contents constitute a work based on the\nProgram (independent of having been made by running the Program).\nWhether that is true depends on what the Program does.\n\n  1. You may copy and distribute verbatim copies of the Program's\nsource code as you receive it, in any medium, provided that you\nconspicuously and appropriately publish on each copy an appropriate\ncopyright notice and disclaimer of warranty; keep intact all the\nnotices that refer to this License and to the absence of any warranty;\nand give any other recipients of the Program a copy of this License\nalong with the Program.\n\nYou may charge a fee for the physical act of transferring a copy, and\nyou may at your option offer warranty protection in exchange for a fee.\n\n  2. You may modify your copy or copies of the Program or any portion\nof it, thus forming a work based on the Program, and copy and\ndistribute such modifications or work under the terms of Section 1\nabove, provided that you also meet all of these conditions:\n\n    a) You must cause the modified files to carry prominent notices\n    stating that you changed the files and the date of any change.\n\n    b) You must cause any work that you distribute or publish, that in\n    whole or in part contains or is derived from the Program or any\n    part thereof, to be licensed as a whole at no charge to all third\n    parties under the terms of this License.\n\n    c) If the modified program normally reads commands interactively\n    when run, you must cause it, when started running for such\n    interactive use in the most ordinary way, to print or display an\n    announcement including an appropriate copyright notice and a\n    notice that there is no warranty (or else, saying that you provide\n    a warranty) and that users may redistribute the program under\n    these conditions, and telling the user how to view a copy of this\n    License.  (Exception: if the Program itself is interactive but\n    does not normally print such an announcement, your work based on\n    the Program is not required to print an announcement.)\n\nThese requirements apply to the modified work as a whole.  If\nidentifiable sections of that work are not derived from the Program,\nand can be reasonably considered independent and separate works in\nthemselves, then this License, and its terms, do not apply to those\nsections when you distribute them as separate works.  But when you\ndistribute the same sections as part of a whole which is a work based\non the Program, the distribution of the whole must be on the terms of\nthis License, whose permissions for other licensees extend to the\nentire whole, and thus to each and every part regardless of who wrote it.\n\nThus, it is not the intent of this section to claim rights or contest\nyour rights to work written entirely by you; rather, the intent is to\nexercise the right to control the distribution of derivative or\ncollective works based on the Program.\n\nIn addition, mere aggregation of another work not based on the Program\nwith the Program (or with a work based on the Program) on a volume of\na storage or distribution medium does not bring the other work under\nthe scope of this License.\n\n  3. You may copy and distribute the Program (or a work based on it,\nunder Section 2) in object code or executable form under the terms of\nSections 1 and 2 above provided that you also do one of the following:\n\n    a) Accompany it with the complete corresponding machine-readable\n    source code, which must be distributed under the terms of Sections\n    1 and 2 above on a medium customarily used for software interchange; or,\n\n    b) Accompany it with a written offer, valid for at least three\n    years, to give any third party, for a charge no more than your\n    cost of physically performing source distribution, a complete\n    machine-readable copy of the corresponding source code, to be\n    distributed under the terms of Sections 1 and 2 above on a medium\n    customarily used for software interchange; or,\n\n    c) Accompany it with the information you received as to the offer\n    to distribute corresponding source code.  (This alternative is\n    allowed only for noncommercial distribution and only if you\n    received the program in object code or executable form with such\n    an offer, in accord with Subsection b above.)\n\nThe source code for a work means the preferred form of the work for\nmaking modifications to it.  For an executable work, complete source\ncode means all the source code for all modules it contains, plus any\nassociated interface definition files, plus the scripts used to\ncontrol compilation and installation of the executable.  However, as a\nspecial exception, the source code distributed need not include\nanything that is normally distributed (in either source or binary\nform) with the major components (compiler, kernel, and so on) of the\noperating system on which the executable runs, unless that component\nitself accompanies the executable.\n\nIf distribution of executable or object code is made by offering\naccess to copy from a designated place, then offering equivalent\naccess to copy the source code from the same place counts as\ndistribution of the source code, even though third parties are not\ncompelled to copy the source along with the object code.\n\n  4. You may not copy, modify, sublicense, or distribute the Program\nexcept as expressly provided under this License.  Any attempt\notherwise to copy, modify, sublicense or distribute the Program is\nvoid, and will automatically terminate your rights under this License.\nHowever, parties who have received copies, or rights, from you under\nthis License will not have their licenses terminated so long as such\nparties remain in full compliance.\n\n  5. You are not required to accept this License, since you have not\nsigned it.  However, nothing else grants you permission to modify or\ndistribute the Program or its derivative works.  These actions are\nprohibited by law if you do not accept this License.  Therefore, by\nmodifying or distributing the Program (or any work based on the\nProgram), you indicate your acceptance of this License to do so, and\nall its terms and conditions for copying, distributing or modifying\nthe Program or works based on it.\n\n  6. Each time you redistribute the Program (or any work based on the\nProgram), the recipient automatically receives a license from the\noriginal licensor to copy, distribute or modify the Program subject to\nthese terms and conditions.  You may not impose any further\nrestrictions on the recipients' exercise of the rights granted herein.\nYou are not responsible for enforcing compliance by third parties to\nthis License.\n\n  7. If, as a consequence of a court judgment or allegation of patent\ninfringement or for any other reason (not limited to patent issues),\nconditions are imposed on you (whether by court order, agreement or\notherwise) that contradict the conditions of this License, they do not\nexcuse you from the conditions of this License.  If you cannot\ndistribute so as to satisfy simultaneously your obligations under this\nLicense and any other pertinent obligations, then as a consequence you\nmay not distribute the Program at all.  For example, if a patent\nlicense would not permit royalty-free redistribution of the Program by\nall those who receive copies directly or indirectly through you, then\nthe only way you could satisfy both it and this License would be to\nrefrain entirely from distribution of the Program.\n\nIf any portion of this section is held invalid or unenforceable under\nany particular circumstance, the balance of the section is intended to\napply and the section as a whole is intended to apply in other\ncircumstances.\n\nIt is not the purpose of this section to induce you to infringe any\npatents or other property right claims or to contest validity of any\nsuch claims; this section has the sole purpose of protecting the\nintegrity of the free software distribution system, which is\nimplemented by public license practices.  Many people have made\ngenerous contributions to the wide range of software distributed\nthrough that system in reliance on consistent application of that\nsystem; it is up to the author/donor to decide if he or she is willing\nto distribute software through any other system and a licensee cannot\nimpose that choice.\n\nThis section is intended to make thoroughly clear what is believed to\nbe a consequence of the rest of this License.\n\n  8. If the distribution and/or use of the Program is restricted in\ncertain countries either by patents or by copyrighted interfaces, the\noriginal copyright holder who places the Program under this License\nmay add an explicit geographical distribution limitation excluding\nthose countries, so that distribution is permitted only in or among\ncountries not thus excluded.  In such case, this License incorporates\nthe limitation as if written in the body of this License.\n\n  9. The Free Software Foundation may publish revised and/or new versions\nof the General Public License from time to time.  Such new versions will\nbe similar in spirit to the present version, but may differ in detail to\naddress new problems or concerns.\n\nEach version is given a distinguishing version number.  If the Program\nspecifies a version number of this License which applies to it and \"any\nlater version\", you have the option of following the terms and conditions\neither of that version or of any later version published by the Free\nSoftware Foundation.  If the Program does not specify a version number of\nthis License, you may choose any version ever published by the Free Software\nFoundation.\n\n  10. If you wish to incorporate parts of the Program into other free\nprograms whose distribution conditions are different, write to the author\nto ask for permission.  For software which is copyrighted by the Free\nSoftware Foundation, write to the Free Software Foundation; we sometimes\nmake exceptions for this.  Our decision will be guided by the two goals\nof preserving the free status of all derivatives of our free software and\nof promoting the sharing and reuse of software generally.\n\n          NO WARRANTY\n\n  11. BECAUSE THE PROGRAM IS LICENSED FREE OF CHARGE, THERE IS NO WARRANTY\nFOR THE PROGRAM, TO THE EXTENT PERMITTED BY APPLICABLE LAW.  EXCEPT WHEN\nOTHERWISE STATED IN WRITING THE COPYRIGHT HOLDERS AND/OR OTHER PARTIES\nPROVIDE THE PROGRAM \"AS IS\" WITHOUT WARRANTY OF ANY KIND, EITHER EXPRESSED\nOR IMPLIED, INCLUDING, BUT NOT LIMITED TO, THE IMPLIED WARRANTIES OF\nMERCHANTABILITY AND FITNESS FOR A PARTICULAR PURPOSE.  THE ENTIRE RISK AS\nTO THE QUALITY AND PERFORMANCE OF THE PROGRAM IS WITH YOU.  SHOULD THE\nPROGRAM PROVE DEFECTIVE, YOU ASSUME THE COST OF ALL NECESSARY SERVICING,\nREPAIR OR CORRECTION.\n\n  12. IN NO EVENT UNLESS REQUIRED BY APPLICABLE LAW OR AGREED TO IN WRITING\nWILL ANY COPYRIGHT HOLDER, OR ANY OTHER PARTY WHO MAY MODIFY AND/OR\nREDISTRIBUTE THE PROGRAM AS PERMITTED ABOVE, BE LIABLE TO YOU FOR DAMAGES,\nINCLUDING ANY GENERAL, SPECIAL, INCIDENTAL OR CONSEQUENTIAL DAMAGES ARISING\nOUT OF THE USE OR INABILITY TO USE THE PROGRAM (INCLUDING BUT NOT LIMITED\nTO LOSS OF DATA OR DATA BEING RENDERED INACCURATE OR LOSSES SUSTAINED BY\nYOU OR THIRD PARTIES OR A FAILURE OF THE PROGRAM TO OPERATE WITH ANY OTHER\nPROGRAMS), EVEN IF SUCH HOLDER OR OTHER PARTY HAS BEEN ADVISED OF THE\nPOSSIBILITY OF SUCH DAMAGES.\n"
  },
  {
    "name": "vanilla-lazyload",
    "version": "17.8.3",
    "author": "Andrea \"verlok\" Verlicchi <andrea.verlicchi@gmail.com> (https://www.andreaverlicchi.eu)",
    "repository": "https://github.com/verlok/vanilla-lazyload",
    "source": "https://registry.npmjs.org/vanilla-lazyload/-/vanilla-lazyload-17.8.3.tgz",
    "license": "MIT",
    "licenseText": "MIT License\n\nCopyright (c) 2015 Andrea Verlicchi\n\nPermission is hereby granted, free of charge, to any person obtaining a copy\nof this software and associated documentation files (the \"Software\"), to deal\nin the Software without restriction, including without limitation the rights\nto use, copy, modify, merge, publish, distribute, sublicense, and/or sell\ncopies of the Software, and to permit persons to whom the Software is\nfurnished to do so, subject to the following conditions:\n\nThe above copyright notice and this permission notice shall be included in all\ncopies or substantial portions of the Software.\n\nTHE SOFTWARE IS PROVIDED \"AS IS\", WITHOUT WARRANTY OF ANY KIND, EXPRESS OR\nIMPLIED, INCLUDING BUT NOT LIMITED TO THE WARRANTIES OF MERCHANTABILITY,\nFITNESS FOR A PARTICULAR PURPOSE AND NONINFRINGEMENT. IN NO EVENT SHALL THE\nAUTHORS OR COPYRIGHT HOLDERS BE LIABLE FOR ANY CLAIM, DAMAGES OR OTHER\nLIABILITY, WHETHER IN AN ACTION OF CONTRACT, TORT OR OTHERWISE, ARISING FROM,\nOUT OF OR IN CONNECTION WITH THE SOFTWARE OR THE USE OR OTHER DEALINGS IN THE\nSOFTWARE.\n"
  },
  {
    "name": "waypoints",
    "version": "4.0.1",
    "author": "Caleb Troughton <caleb@imakewebthings.com> (http://imakewebthings.com)",
    "repository": "https://github.com/imakewebthings/waypoints.git",
    "source": "https://registry.npmjs.org/waypoints/-/waypoints-4.0.1.tgz",
    "license": "MIT",
    "licenseText": "Copyright (c) 2011-2012 Caleb Troughton\n\n-----------------------------------------------------------------------\n\nThe MIT License\n\nPermission is hereby granted, free of charge, to any person obtaining a copy\nof this software and associated documentation files (the \"Software\"), to deal\nin the Software without restriction, including without limitation the rights\nto use, copy, modify, merge, publish, distribute, sublicense, and/or sell\ncopies of the Software, and to permit persons to whom the Software is\nfurnished to do so, subject to the following conditions:\n\nThe above copyright notice and this permission notice shall be included in\nall copies or substantial portions of the Software.\n\nTHE SOFTWARE IS PROVIDED \"AS IS\", WITHOUT WARRANTY OF ANY KIND, EXPRESS OR\nIMPLIED, INCLUDING BUT NOT LIMITED TO THE WARRANTIES OF MERCHANTABILITY,\nFITNESS FOR A PARTICULAR PURPOSE AND NONINFRINGEMENT. IN NO EVENT SHALL THE\nAUTHORS OR COPYRIGHT HOLDERS BE LIABLE FOR ANY CLAIM, DAMAGES OR OTHER\nLIABILITY, WHETHER IN AN ACTION OF CONTRACT, TORT OR OTHERWISE, ARISING FROM,\nOUT OF OR IN CONNECTION WITH THE SOFTWARE OR THE USE OR OTHER DEALINGS IN\nTHE SOFTWARE."
  }
]